raw,n,sexes,id,canonical,group,indoor,implement_kg,barrier_cm,spacing_m,age_band,rankable,lower_better,confidence,note
800 Metres,59656,FM,800m,800m,middle,False,,,,,True,True,OK,
Long Jump,58959,FM,long_jump,Long Jump,jump,False,,,,,True,False,OK,
1500 Metres,58874,FM,1500m,1500m,middle,False,,,,,True,True,OK,
400 Metres,57987,FM,400m,400m,sprint,False,,,,,True,True,OK,
Pole Vault,56316,FM,pole_vault,Pole Vault,jump,False,,,,,True,False,OK,
Shot Put,55932,FM,shot_put,Shot Put,throw,False,,,,,True,False,OK,
High Jump,52693,FM,high_jump,High Jump,jump,False,,,,,True,False,OK,
Discus Throw,49272,FM,discus_throw,Discus Throw,throw,False,,,,,True,False,OK,
200 Metres,47720,FM,200m,200m,sprint,False,,,,,True,True,OK,
Triple Jump,42824,FM,triple_jump,Triple Jump,jump,False,,,,,True,False,OK,
100 Metres,39783,FM,100m,100m,sprint,False,,,,,True,True,OK,
400 Metres Hurdles,38679,FM,400m_hurdles,400m Hurdles,hurdles,False,,,,,True,True,OK,
Hammer Throw,38507,FM,hammer_throw,Hammer Throw,throw,False,,,,,True,False,OK,
Javelin Throw,35277,FM,javelin_throw,Javelin Throw,throw,False,,,,,True,False,OK,
5000 Metres,34944,FM,5000m,5000m,distance,False,,,,,True,True,OK,
100 Metres Hurdles,33195,FM,100m_hurdles,100m Hurdles,hurdles,False,,,,,True,True,OK,
60 Metres Hurdles,27618,FM,60m_hurdles,60m Hurdles,hurdles,False,,,,,True,True,OK,
110 Metres Hurdles,26061,FM,110m_hurdles,110m Hurdles,hurdles,False,,,,,True,True,OK,
3000 Metres Steeplechase,22128,FM,3000m_steeplechase,3000m Steeplechase,distance,False,,,,,True,True,OK,
Half Marathon,21015,FM,half_marathon,Half Marathon,road,False,,,,,True,True,OK,
Marathon,19031,FM,marathon,Marathon,road,False,,,,,True,True,OK,
60 Metres,18826,FM,60m,60m,sprint,False,,,,,True,True,OK,
10 Kilometres Road,17552,FM,10_km_road,10 km Road,road,False,,,,,True,True,OK,
3000 Metres,17380,FM,3000m,3000m,distance,False,,,,,True,True,OK,
"10,000 Metres",14263,FM,10000m,10000m,distance,False,,,,,True,True,OK,
4x400 Metres Relay,14164,FM,4x400m_relay,4x400m Relay,relay,False,,,,,False,True,OK,
400 Metres Short Track,14139,FM,400m_indoor,400m,sprint,True,,,,,True,True,OK,
800 Metres Short Track,11769,FM,800m_indoor,800m,middle,True,,,,,True,True,OK,
4x100 Metres Relay,11256,FM,4x100m_relay,4x100m Relay,relay,False,,,,,False,True,OK,
3000 Metres Short Track,9886,FM,3000m_indoor,3000m,distance,True,,,,,True,True,OK,
1500 Metres Short Track,9769,FM,1500m_indoor,1500m,middle,True,,,,,True,True,OK,
200 Metres Short Track,8983,FM,200m_indoor,200m,sprint,True,,,,,True,True,OK,
Mile,4108,FM,mile,Mile,middle,False,,,,,True,True,OK,
5 Kilometres Road,3214,FM,5_km_road,5 km Road,road,False,,,,,True,True,OK,
4x400 Metres Relay Short Track,2870,FM,4x400m_relay_indoor,4x400m Relay,relay,True,,,,,False,True,OK,
Cross Country Senior Race,2861,FM,cross_country_senior_race,Cross Country Senior Race,xc,False,,,,,True,True,OK,
Mile Short Track,2858,FM,mile_indoor,Mile,middle,True,,,,,True,True,OK,
15 Kilometres Road,2551,FM,15_km_road,15 km Road,road,False,,,,,True,True,OK,
1000 Metres,1980,FM,1000m,1000m,middle,False,,,,,True,True,OK,
Weight Throw,1758,FM,weight_throw,Weight Throw,throw,False,,,,,True,False,OK,
10 Miles Road,1714,FM,10_miles_road,10 Miles Road,road,False,,,,,True,True,OK,
Cross Country,1646,FM,cross_country,Cross Country,xc,False,,,,,True,True,OK,
300 Metres,1622,FM,300m,300m,sprint,False,,,,,True,True,OK,
Cross Country U20 Race,1521,FM,cross_country_u20_race,Cross Country U20 Race,xc,False,,,,,True,True,OK,
Javelin Throw (old),1517,FM,javelin_throw_old,Javelin Throw,throw,False,,,,,True,False,OK,pre-1986 javelin spec
Cross Country Long Race,1504,FM,cross_country_long_race,Cross Country Long Race,xc,False,,,,,True,True,OK,
1000 Metres Short Track,1395,FM,1000m_indoor,1000m,middle,True,,,,,True,True,OK,
Mile Road,1369,FM,mile_road,Mile Road,road,False,,,,,True,True,OK,
300 Metres Short Track,1281,FM,300m_indoor,300m,sprint,True,,,,,True,True,OK,
110 Metres Hurdles (99.0cm),1261,FM,110m_hurdles_99cm,110m Hurdles,hurdles,False,,99.0,,,True,True,OK,
"Discus Throw (1,75kg)",1214,FM,discus_throw_1_75kg,Discus Throw,throw,False,1.75,,,,True,False,OK,
2000 Metres Steeplechase,1114,FM,2000m_steeplechase,2000m Steeplechase,distance,False,,,,,True,True,OK,
Heptathlon,1093,FM,heptathlon,Heptathlon,combined,False,,,,,True,False,OK,
4x400 Metres Relay Mixed,1090,FM,4x400m_relay_mixed,4x400m Relay Mixed,relay,False,,,,,False,True,OK,
5000 Metres Short Track,1050,FM,5000m_indoor,5000m,distance,True,,,,,True,True,OK,
Shot Put (6kg),1036,FM,shot_put_6kg,Shot Put,throw,False,6.0,,,,True,False,OK,
100 Metres Hurdles (76.2cm),963,FM,100m_hurdles_76_2cm,100m Hurdles,hurdles,False,,76.2,,,True,True,OK,
Hammer Throw (6kg),866,M,hammer_throw_6kg,Hammer Throw,throw,False,6.0,,,,True,False,OK,
Cross Country Short Race,864,FM,cross_country_short_race,Cross Country Short Race,xc,False,,,,,True,True,OK,
600 Metres,785,FM,600m,600m,middle,False,,,,,True,True,OK,
"Discus Throw (1,5kg)",764,FM,discus_throw_1_5kg,Discus Throw,throw,False,1.5,,,,True,False,OK,
55 Metres Hurdles,758,FM,55m_hurdles,55m Hurdles,hurdles,False,,,,,True,True,OK,
600 Metres Short Track,754,FM,600m_indoor,600m,middle,True,,,,,True,True,OK,
Shot Put (5kg),723,FM,shot_put_5kg,Shot Put,throw,False,5.0,,,,True,False,OK,
20 Kilometres Road,721,FM,20_km_road,20 km Road,road,False,,,,,True,True,OK,
Shot Put (3kg),691,FM,shot_put_3kg,Shot Put,throw,False,3.0,,,,True,False,OK,
Hammer Throw (5kg),670,M,hammer_throw_5kg,Hammer Throw,throw,False,5.0,,,,True,False,OK,
55 Metres,641,FM,55m,55m,sprint,False,,,,,True,True,OK,
2000 Metres,594,FM,2000m,2000m,distance,False,,,,,True,True,OK,
4x200 Metres Relay,544,FM,4x200m_relay,4x200m Relay,relay,False,,,,,False,True,OK,
110 Metres Hurdles (91.4cm),542,FM,110m_hurdles_91_4cm,110m Hurdles,hurdles,False,,91.4,,,True,True,OK,
300 Metres Hurdles,540,FM,300m_hurdles,300m Hurdles,hurdles,False,,,,,True,True,OK,
Pentathlon Short Track,444,FM,pentathlon_indoor,Pentathlon,combined,True,,,,,True,False,OK,
150 Metres,442,FM,150m,150m,sprint,False,,,,,True,True,OK,
Cross Country U23 Race,419,FM,cross_country_u23_race,Cross Country U23 Race,xc,False,,,,,True,True,OK,
4x200 Metres Relay Short Track,415,FM,4x200m_relay_indoor,4x200m Relay,relay,True,,,,,False,True,OK,
Javelin Throw (700g),403,FM,javelin_throw_0_7kg,Javelin Throw,throw,False,0.7,,,,True,False,OK,
60 Metres Hurdles (76.2cm),395,FM,60m_hurdles_76_2cm,60m Hurdles,hurdles,False,,76.2,,,True,True,OK,
Hammer Throw (3kg),393,FM,hammer_throw_3kg,Hammer Throw,throw,False,3.0,,,,True,False,OK,
Distance Medley Short Track,375,FM,distance_medley_indoor,Distance Medley,relay,True,,,,,False,True,OK,
500 Metres Short Track,369,FM,500m_indoor,500m,middle,True,,,,,True,True,OK,
60 Metres Hurdles (99.0cm),338,FM,60m_hurdles_99cm,60m Hurdles,hurdles,False,,99.0,,,True,True,OK,
Distance Medley,338,FM,distance_medley,Distance Medley,relay,False,,,,,False,True,OK,
4x800 Metres Relay,308,FM,4x800m_relay,4x800m Relay,relay,False,,,,,False,True,OK,
2 Miles,308,FM,2_miles,2 Miles,road,False,,,,,True,True,OK,
2000 Metres Short Track,299,FM,2000m_indoor,2000m,distance,True,,,,,True,True,OK,
400m hurdles (84.0cm),293,FM,400m_hurdles_84cm,400m hurdles,hurdles,False,,84.0,,,True,True,OK,
50 Metres,286,FM,50m,50m,sprint,False,,,,,True,True,OK,
50 Metres Hurdles,284,FM,50m_hurdles,50m Hurdles,hurdles,False,,,,,True,True,OK,
2 Miles Short Track,254,FM,2_miles_indoor,2 Miles,road,True,,,,,True,True,OK,
4x1500 Metres Relay,247,FM,4x1500m_relay,4x1500m Relay,relay,False,,,,,False,True,OK,
Javelin Throw (500g),241,FM,javelin_throw_0_5kg,Javelin Throw,throw,False,0.5,,,,True,False,OK,
Decathlon,237,FM,decathlon,Decathlon,combined,False,,,,,True,False,OK,
Sprint Medley 1000m,237,FM,sprint_medley_1000m,Sprint Medley 1000m,relay,False,,,,,False,True,OK,
25 Kilometres Road,232,FM,25_km_road,25 km Road,road,False,,,,,True,True,OK,
12 Kilometres Road,229,FM,12_km_road,12 km Road,road,False,,,,,True,True,OK,
8 Kilometres Road,223,FM,8_km_road,8 km Road,road,False,,,,,True,True,OK,
Cross Country Relay,212,FM,cross_country_relay,Cross Country Relay,relay,False,,,,,False,True,OK,
60 Metres Hurdles (91.4cm),208,M,60m_hurdles_91_4cm,60m Hurdles,hurdles,False,,91.4,,,True,True,OK,
Hammer Throw (4kg),168,M,hammer_throw_4kg,Hammer Throw,throw,False,4.0,,,,True,False,OK,
Discus Throw (1kg),159,FM,discus_throw_1kg,Discus Throw,throw,False,1.0,,,,True,False,OK,
20 Kilometres Race Walk,154,FM,20_km_race_walk,20 km Race Walk,walk,False,,,,,True,True,OK,
4 Miles Road,145,FM,4_miles_road,4 Miles Road,road,False,,,,,True,True,OK,
30 Kilometres Road,136,FM,30_km_road,30 km Road,road,False,,,,,True,True,OK,
Heptathlon Short Track,129,M,heptathlon_indoor,Heptathlon,combined,True,,,,,True,False,OK,
4x800 Metres Relay Short Track,127,FM,4x800m_relay_indoor,4x800m Relay,relay,True,,,,,False,True,OK,
Sprint Medley 1600m,122,FM,sprint_medley_1600m,Sprint Medley 1600m,relay,False,,,,,False,True,OK,
Road Race,116,FM,road_race,Road Race,road,False,,,,,False,True,OK,distance not stated
Shot Put (4kg),101,M,shot_put_4kg,Shot Put,throw,False,4.0,,,,True,False,OK,
500 Metres,71,FM,500m,500m,middle,False,,,,,True,True,OK,
Heptathlon U18,68,FM,heptathlon_u18_u18,Heptathlon U18,combined,False,,,,U18,True,False,OK,age band U18
Road Relay,65,FM,road_relay,Road Relay,relay,False,,,,,False,True,OK,
8x100 Metres Relay,63,FM,8x100m_relay,8x100m Relay,relay,False,,,,,False,True,OK,
10 Kilometres Race Walk,56,FM,10_km_race_walk,10 km Race Walk,walk,False,,,,,True,True,OK,
200 Metres Hurdles,53,FM,200m_hurdles,200m Hurdles,hurdles,False,,,,,True,True,OK,
200 Metres Hurdles Straight,52,FM,200m_hurdles_straight,200m Hurdles Straight,hurdles,False,,,,,True,True,OK,
150 Metres Straight,49,M,150m_straight,150m Straight,sprint,False,,,,,True,True,OK,
"10,000 Metres Race Walk",48,FM,10000m_race_walk,10000m Race Walk,walk,False,,,,,True,True,OK,
150m Straight,45,F,150m_straight,150m Straight,sprint,False,,,,,True,True,OK,
One Hour,44,FM,one_hour,One Hour,distance,False,,,,,True,True,OK,
3000 Metres Steeplechase Short Track,43,FM,3000m_steeplechase_indoor,3000m Steeplechase,distance,True,,,,,True,True,OK,
Decathlon U20,42,M,decathlon_u20_u20,Decathlon U20,combined,False,,,,U20,True,False,OK,age band U20
Shuttle Hurdles,39,FM,shuttle_hurdles,Shuttle Hurdles,hurdles,False,,,,,True,True,OK,
Pentathlon Girls Short Track,37,FM,pentathlon_girls_girls_indoor,Pentathlon Girls,combined,True,,,,Girls,True,False,OK,age band Girls
4x100 Metres Shuttle Hurdles,37,F,4x100m_shuttle_hurdles,4x100m Shuttle Hurdles,hurdles,False,,,,,True,True,OK,
2000 Metres Steeplechase Short Track,32,FM,2000m_steeplechase_indoor,2000m Steeplechase,distance,True,,,,,True,True,OK,
6 Kilometres Road,30,F,6_km_road,6 km Road,road,False,,,,,True,True,OK,
4x400 Metres Relay Mixed Short Track,29,FM,4x400m_relay_mixed_indoor,4x400m Relay Mixed,relay,True,,,,,False,True,OK,
600 Yards,29,FM,600_yards,600 Yards,sprint,False,,,,,True,True,OK,
600 Yards Short Track,29,FM,600_yards_indoor,600 Yards,sprint,True,,,,,True,True,OK,
4x110 Metres Shuttle Hurdles,27,M,4x110m_shuttle_hurdles,4x110m Shuttle Hurdles,hurdles,False,,,,,True,True,OK,
300 Metres Hurdles (84.0cm),27,FM,300m_hurdles_84cm,300m Hurdles,hurdles,False,,84.0,,,True,True,OK,
1500 Metres Steeplechase,27,FM,1500m_steeplechase,1500m Steeplechase,distance,False,,,,,True,True,OK,
100 Yards,26,FM,100_yards,100 Yards,sprint,False,,,,,True,True,OK,
4xMile Relay,25,M,4xmile_relay,4xMile Relay,relay,False,,,,,False,True,OK,
200m Straight,24,F,200m_straight,200m Straight,sprint,False,,,,,True,True,OK,
"20,000 Metres",23,FM,20000m,20000m,distance,False,,,,,True,True,OK,
5000 Metres Race Walk,21,FM,5000m_race_walk,5000m Race Walk,walk,False,,,,,True,True,OK,
Javelin Throw (600gr),21,M,javelin_throw_0_6kg,Javelin Throw,throw,False,0.6,,,,True,False,OK,
Heptathlon U20 Short Track,20,M,heptathlon_u20_u20_indoor,Heptathlon U20,combined,True,,,,U20,True,False,OK,age band U20
200 Metres Straight,20,M,200m_straight,200m Straight,sprint,False,,,,,True,True,OK,
5 Miles Road,17,FM,5_miles_road,5 Miles Road,road,False,,,,,True,True,OK,
80 Metres,16,FM,80m,80m,sprint,False,,,,,True,True,OK,
4x100 Metres Relay Mixed,16,FM,4x100m_relay_mixed,4x100m Relay Mixed,relay,False,,,,,False,True,OK,
400m,16,F,400m,400m,sprint,False,,,,,True,True,OK,
800m,16,F,800m,800m,middle,False,,,,,True,True,OK,
110 Metres Hurdles (0.91/8.80),15,M,110m_hurdles_91cm_sp8_8,110m Hurdles,hurdles,False,,91.0,8.8,,True,True,OK,
Heptathlon-100mH 76.2cm,15,F,heptathlon_100mh_76_2cm,Heptathlon-100mH 76.2cm,combined,False,,,,,True,False,OK,
100 Metres Hurdles (0.76/8.25),15,F,100m_hurdles_76cm_sp8_25,100m Hurdles,hurdles,False,,76.0,8.25,,True,True,OK,
2x2x400m Relay,15,FM,2x2x400m_relay,2x2x400m Relay,relay,False,,,,,False,True,OK,
Decathlon Boys,14,M,decathlon_boys_boys,Decathlon Boys,combined,False,,,,Boys,True,False,OK,age band Boys
600 Metres Road,14,FM,600m_road,600m Road,middle,False,,,,,True,True,OK,
50 Kilometres Race Walk,13,FM,50_km_race_walk,50 km Race Walk,walk,False,,,,,True,True,OK,
Mountain Running Classic Hill Senior Race,11,FM,mountain_running_classic_hill_senior_race,Mountain Running Classic Hill Senior Race,mountain,False,,,,,True,True,OK,
Weight Throw (14.5kg/61cm),11,M,weight_throw_14_5kg,Weight Throw,throw,False,14.5,,,,True,False,OK,
100 Metres Hurdles (0.84/8.50),10,M,100m_hurdles_84cm_sp8_5,100m Hurdles,hurdles,False,,84.0,8.5,,True,True,OK,
Octathlon Boys,9,M,octathlon_boys_boys,Octathlon Boys,combined,False,,,,Boys,True,False,OK,age band Boys
5 Kilometres Race Walk,9,F,5_km_race_walk,5 km Race Walk,walk,False,,,,,True,True,OK,
80 Metres Hurdles (0.76/8),9,F,80m_hurdles_76cm_sp8,80m Hurdles,hurdles,False,,76.0,8.0,,True,True,OK,
Cross Country 4000m,9,FM,cross_country_4000m,Cross Country 4000m,xc,False,,,,,True,True,OK,
Javelin Throw (400gr),9,F,javelin_throw_0_4kg,Javelin Throw,throw,False,0.4,,,,True,False,OK,
"25,000 Metres",8,FM,25000m,25000m,distance,False,,,,,True,True,OK,
400m sh,8,F,400m_sh,400m sh,sprint,False,,,,,True,True,OK,
Mile Steeplechase,7,FM,mile_steeplechase,Mile Steeplechase,distance,False,,,,,True,True,OK,
Weight Throw (12kg/61cm),7,M,weight_throw_12kg,Weight Throw,throw,False,12.0,,,,True,False,OK,
Weight Throw (7.26kg/61cm),7,F,weight_throw_7_26kg,Weight Throw,throw,False,7.26,,,,True,False,OK,
Quintuple Jump,6,F,quintuple_jump,Quintuple Jump,jump,False,,,,,True,False,OK,
"15,000 Metres",6,FM,15000m,15000m,distance,False,,,,,True,True,OK,
Mountain Classic,6,FM,mountain_classic,Mountain Classic,mountain,False,,,,,True,True,OK,
Vertical Uphill,6,FM,vertical_uphill,Vertical Uphill,mountain,False,,,,,True,True,OK,
"20,000 Metres Race Walk",6,M,20000m_race_walk,20000m Race Walk,walk,False,,,,,True,True,OK,
3000 Metres Race Walk Short Track,6,F,3000m_race_walk_indoor,3000m Race Walk,walk,True,,,,,True,True,OK,
"10,000 Metres Short Track",5,M,10000m_indoor,10000m,distance,True,,,,,True,True,OK,
10 Miles,5,FM,10_miles,10 Miles,road,False,,,,,True,True,OK,
50 Kilometres Road,5,FM,50_km_road,50 km Road,road,False,,,,,True,True,OK,
100 Kilometres Road,5,FM,100_km_road,100 km Road,road,False,,,,,True,True,OK,
35 Kilometres Race Walk,4,M,35_km_race_walk,35 km Race Walk,walk,False,,,,,True,True,OK,
60 Metres Hurdles (0.76/8.25),4,F,60m_hurdles_76cm_sp8_25,60m Hurdles,hurdles,False,,76.0,8.25,,True,True,OK,
Marathon Race Walk Mixed Relay,4,FM,marathon_race_walk_mixed_relay,Marathon Race Walk Mixed Relay,relay,False,,,,,False,True,OK,
30 Kilometres Race Walk,3,M,30_km_race_walk,30 km Race Walk,walk,False,,,,,True,True,OK,
Heptathlon U18 Short Track,3,M,heptathlon_u18_u18_indoor,Heptathlon U18,combined,True,,,,U18,True,False,OK,age band U18
150 Metres Short Track,3,M,150m_indoor,150m,sprint,True,,,,,True,True,OK,
60 Metres Hurdles (0.76/8),3,F,60m_hurdles_76cm_sp8,60m Hurdles,hurdles,False,,76.0,8.0,,True,True,OK,
"30,000 Metres",3,FM,30000m,30000m,distance,False,,,,,True,True,OK,
60 Metres Hurdles (0.84/8.50),3,M,60m_hurdles_84cm_sp8_5,60m Hurdles,hurdles,False,,84.0,8.5,,True,True,OK,
3x1000 Metres Relay,2,FM,3x1000m_relay,3x1000m Relay,relay,False,,,,,False,True,OK,
3000 Metres Race Walk,2,F,3000m_race_walk,3000m Race Walk,walk,False,,,,,True,True,OK,
Mile Race Walk Short Track,2,F,mile_race_walk_indoor,Mile Race Walk,walk,True,,,,,True,True,OK,
Tetrathlon U15B,2,F,tetrathlon_u15b,Tetrathlon U15B,combined,False,,,,,True,False,OK,
Decathlon (1.06) U20,2,M,decathlon_u20_u20_106cm,Decathlon U20,combined,False,,106.0,,U20,True,False,OK,age band U20
4x300 Metres Relay,2,M,4x300m_relay,4x300m Relay,relay,False,,,,,False,True,OK,
Half Marathon Race Walk,2,M,half_marathon_race_walk,Half Marathon Race Walk,walk,False,,,,,True,True,OK,
Tetrathlon U15C,2,M,tetrathlon_u15c,Tetrathlon U15C,combined,False,,,,,True,False,OK,
Weight Throw (10kg/61cm),2,M,weight_throw_10kg,Weight Throw,throw,False,10.0,,,,True,False,OK,
Pentathlon U16 Short Track,1,F,pentathlon_u16_u16_indoor,Pentathlon U16,combined,True,,,,U16,True,False,OK,age band U16
Pentathlon,1,F,pentathlon,Pentathlon,combined,False,,,,,True,False,OK,
3x800 Metres Relay,1,F,3x800m_relay,3x800m Relay,relay,False,,,,,False,True,OK,
Trail Running Senior Race,1,F,trail_running_senior_race,Trail Running Senior Race,mountain,False,,,,,True,True,OK,
Short Trail,1,F,short_trail,Short Trail,mountain,False,,,,,True,True,OK,
Mountain Running Up & Down Senior Race,1,M,mountain_running_up_down_senior_race,Mountain Running Up & Down Senior Race,mountain,False,,,,,True,True,OK,
50 Metres Hurdles (76.2cm),1,F,50m_hurdles_76_2cm,50m Hurdles,hurdles,False,,76.2,,,True,True,OK,
3x100 Metres Relay,1,F,3x100m_relay,3x100m Relay,relay,False,,,,,False,True,OK,
"Discus Throw (0,75kg)",1,M,discus_throw_0_75kg,Discus Throw,throw,False,0.75,,,,True,False,OK,
Octathlon U16,1,M,octathlon_u16_u16,Octathlon U16,combined,False,,,,U16,True,False,OK,age band U16
60 Metres Hurdles (0.84/8.25),1,M,60m_hurdles_84cm_sp8_25,60m Hurdles,hurdles,False,,84.0,8.25,,True,True,OK,
60 Metres Hurdles (0.76/7.75),1,F,60m_hurdles_76cm_sp7_75,60m Hurdles,hurdles,False,,76.0,7.75,,True,True,OK,
Shot Put (2kg),1,F,shot_put_2kg,Shot Put,throw,False,2.0,,,,True,False,OK,
2x2x200m Relay,1,F,2x2x200m_relay,2x2x200m Relay,relay,False,,,,,False,True,OK,
400 Metres Hurdles Short Track,1,M,400m_hurdles_indoor,400m Hurdles,hurdles,True,,,,,True,True,OK,
Tetrathlon U14C,1,M,tetrathlon_u14c,Tetrathlon U14C,combined,False,,,,,True,False,OK,
15 Kilometers Race Walk,1,M,15_km_race_walk,15 km Race Walk,walk,False,,,,,True,True,OK,
